时间/s,位置/cm,修复前含水率,修复后含水率,绝对差,修复前四位小数,修复后四位小数,四位小数是否改变
205860,0,0.149988791229,0.149988791271,4.12682110706e-11,0.1500,0.1500,否
205860,0.1,0.149897740785,0.149897740826,4.12183065457e-11,0.1499,0.1499,否
205860,0.2,0.149623880845,0.149623880887,4.10680933705e-11,0.1496,0.1496,否
205860,0.3,0.149165054067,0.149165054107,4.08172939892e-11,0.1492,0.1492,否
205860,0.4,0.148517556685,0.148517556726,4.04649092012e-11,0.1485,0.1485,否
205860,0.5,0.147675964765,0.147675964805,4.00092181607e-11,0.1477,0.1477,否
205860,0.6,0.146632865854,0.146632865894,3.94480836885e-11,0.1466,0.1466,否
205860,0.7,0.145378465308,0.145378465347,3.87788134937e-11,0.1454,0.1454,否
205860,0.8,0.143900017703,0.143900017741,3.79978826182e-11,0.1439,0.1439,否
205860,0.9,0.142181003117,0.142181003154,3.71006003697e-11,0.1422,0.1422,否
205860,1,0.140199915456,0.140199915492,3.60804996991e-11,0.1402,0.1402,否
205860,1.1,0.137928435335,0.13792843537,3.49291984225e-11,0.1379,0.1379,否
205860,1.2,0.13532858002,0.135328580054,3.36358996211e-11,0.1353,0.1353,否
205860,1.3,0.132348058588,0.13234805862,3.21848103724e-11,0.1323,0.1323,否
205860,1.4,0.128912264739,0.12891226477,3.05536151934e-11,0.1289,0.1289,否
205860,1.5,0.124909428261,0.124909428289,2.87086882045e-11,0.1249,0.1249,否
205860,1.6,0.120160249841,0.120160249868,2.65973076896e-11,0.1202,0.1202,否
205860,1.7,0.114346598843,0.114346598867,2.41254932698e-11,0.1143,0.1143,否
205860,1.8,0.106804273182,0.106804273204,2.11023976071e-11,0.1068,0.1068,否
205860,1.9,0.0956311674127,0.0956311674297,1.70002067978e-11,0.0956,0.0956,否
205860,2,0.0525350981629,0.0525350981664,3.52830265005e-12,0.0525,0.0525,否
205920,0,0.149971220449,0.149971220492,4.2773284914e-11,0.1500,0.1500,否
205920,0.1,0.149880188694,0.149880188737,4.27219093435e-11,0.1499,0.1499,否
205920,0.2,0.149606384917,0.14960638496,4.25663115866e-11,0.1496,0.1496,否
205920,0.3,0.14914765206,0.149147652103,4.23067136879e-11,0.1491,0.1491,否
205920,0.4,0.148500286853,0.148500286895,4.19436152477e-11,0.1485,0.1485,否
205920,0.5,0.14765886608,0.147658866121,4.14719925068e-11,0.1477,0.1477,否
205920,0.6,0.14661597828,0.146615978321,4.08919842432e-11,0.1466,0.1466,否
205920,0.7,0.145361830119,0.14536183016,4.01997879429e-11,0.1454,0.1454,否
205920,0.8,0.143883677885,0.143883677924,3.93922949815e-11,0.1439,0.1439,否
205920,0.9,0.142165003879,0.142165003917,3.84643150664e-11,0.1422,0.1422,否
205920,1,0.140184304911,0.140184304948,3.7409603193e-11,0.1402,0.1402,否
205920,1.1,0.137913265427,0.137913265463,3.62175012203e-11,0.1379,0.1379,否
205920,1.2,0.135313907836,0.135313907871,3.48807926986e-11,0.1353,0.1353,否
205920,1.3,0.132333948299,0.132333948333,3.33797989249e-11,0.1323,0.1323,否
205920,1.4,0.128898790608,0.12889879064,3.16922044163e-11,0.1289,0.1289,否
205920,1.5,0.12489667962,0.12489667965,2.97827040807e-11,0.1249,0.1249,否
205920,1.6,0.120148340051,0.120148340079,2.7597410468e-11,0.1201,0.1201,否
205920,1.7,0.114335683499,0.114335683524,2.50384019074e-11,0.1143,0.1143,否
205920,1.8,0.106794594783,0.106794594805,2.19083917674e-11,0.1068,0.1068,否
205920,1.9,0.0956232115856,0.0956232116032,1.76594017187e-11,0.0956,0.0956,否
205920,2,0.0525336592307,0.0525336592337,3.05579866966e-12,0.0525,0.0525,否
205980,0,0.149953659448,0.149953659488,4.02077815487e-11,0.1500,0.1500,否
205980,0.1,0.149862646371,0.149862646411,4.01599031807e-11,0.1499,0.1499,否
205980,0.2,0.149588898721,0.149588898761,4.00134092526e-11,0.1496,0.1496,否
205980,0.3,0.149130259727,0.149130259766,3.97697985655e-11,0.1491,0.1491,否
205980,0.4,0.148483026609,0.148483026649,3.94322074992e-11,0.1485,0.1485,否
205980,0.5,0.147641776876,0.147641776915,3.89896170905e-11,0.1476,0.1476,否
205980,0.6,0.146599100054,0.146599100093,3.84466070091e-11,0.1466,0.1466,否
205980,0.7,0.14534520412,0.145345204158,3.77975983845e-11,0.1453,0.1453,否
205980,0.8,0.143867347071,0.143867347108,3.70415087492e-11,0.1439,0.1439,否
205980,0.9,0.142149013433,0.142149013469,3.61718155428e-11,0.1421,0.1421,否
205980,1,0.140168702916,0.140168702951,3.51836892953e-11,0.1402,0.1402,否
205980,1.1,0.137898103796,0.13789810383,3.40640016194e-11,0.1379,0.1379,否
205980,1.2,0.135299243622,0.135299243655,3.28130023153e-11,0.1353,0.1353,否
205980,1.3,0.132319845637,0.132319845668,3.14067105656e-11,0.1323,0.1323,否
205980,1.4,0.128885323718,0.128885323748,2.98247815333e-11,0.1289,0.1289,否
205980,1.5,0.124883937782,0.12488393781,2.80327983049e-11,0.1249,0.1249,否
205980,1.6,0.120136436563,0.120136436589,2.59830074123e-11,0.1201,0.1201,否
205980,1.7,0.114324773872,0.114324773895,2.35813035765e-11,0.1143,0.1143,否
205980,1.8,0.106784921384,0.106784921405,2.06440975425e-11,0.1068,0.1068,否
205980,1.9,0.0956152597863,0.0956152598029,1.66527069911e-11,0.0956,0.0956,否
205980,2,0.0525322215867,0.0525322215896,2.91149743203e-12,0.0525,0.0525,否
206040,0,0.149936108217,0.149936108255,3.78657105671e-11,0.1499,0.1499,否
206040,0.1,0.149845113806,0.149845113844,3.78212183794e-11,0.1498,0.1498,否
206040,0.2,0.149571422248,0.149571422286,3.76824960124e-11,0.1496,0.1496,否
206040,0.3,0.149112877057,0.149112877094,3.74530129132e-11,0.1491,0.1491,否
206040,0.4,0.148465775946,0.148465775983,3.71404018651e-11,0.1485,0.1485,否
206040,0.5,0.147624697144,0.147624697181,3.67231800524e-11,0.1476,0.1476,否
206040,0.6,0.146582231168,0.146582231204,3.62142815735e-11,0.1466,0.1466,否
206040,0.7,0.145328587302,0.145328587338,3.56040752436e-11,0.1453,0.1453,否
206040,0.8,0.143851025254,0.143851025289,3.48944761974e-11,0.1439,0.1439,否
206040,0.9,0.142133031771,0.142133031805,3.40777961405e-11,0.1421,0.1421,否
206040,1,0.140153109463,0.140153109497,3.31507044038e-11,0.1402,0.1402,否
206040,1.1,0.137882950434,0.137882950466,3.20944104626e-11,0.1379,0.1379,否
206040,1.2,0.135284587372,0.135284587403,3.09229863937e-11,0.1353,0.1353,否
206040,1.3,0.132305750595,0.132305750624,2.96032920399e-11,0.1323,0.1323,否
206040,1.4,0.128871864061,0.128871864089,2.81179801664e-11,0.1289,0.1289,否
206040,1.5,0.124871202741,0.124871202767,2.64320926258e-11,0.1249,0.1249,否
206040,1.6,0.120124539373,0.120124539397,2.45061887449e-11,0.1201,0.1201,否
206040,1.7,0.114313869956,0.114313869978,2.22473012235e-11,0.1143,0.1143,否
206040,1.8,0.106775252981,0.106775253,1.94870924952e-11,0.1068,0.1068,否
206040,1.9,0.0956073120114,0.0956073120271,1.57301949244e-11,0.0956,0.0956,否
206040,2,0.0525307852294,0.0525307852322,2.78090050987e-12,0.0525,0.0525,否
206100,0,0.149918566749,0.149918566786,3.75828812516e-11,0.1499,0.1499,否
206100,0.1,0.149827590992,0.149827591029,3.75391107088e-11,0.1498,0.1498,否
206100,0.2,0.149553955489,0.149553955527,3.73996111858e-11,0.1496,0.1496,否
206100,0.3,0.149095504042,0.149095504079,3.71704056423e-11,0.1491,0.1491,否
206100,0.4,0.148448534855,0.148448534891,3.68661212669e-11,0.1484,0.1484,否
206100,0.5,0.147607626877,0.147607626913,3.64489827209e-11,0.1476,0.1476,否
206100,0.6,0.146565371613,0.146565371648,3.59446084008e-11,0.1466,0.1466,否
206100,0.7,0.145311979657,0.145311979692,3.53372886508e-11,0.1453,0.1453,否
206100,0.8,0.143834712425,0.143834712459,3.46327133638e-11,0.1438,0.1438,否
206100,0.9,0.142117058884,0.142117058918,3.38211125772e-11,0.1421,0.1421,否
206100,1,0.140137524545,0.140137524578,3.29015148459e-11,0.1401,0.1401,否
206100,1.1,0.137867805335,0.137867805367,3.18456927495e-11,0.1379,0.1379,否
206100,1.2,0.135269939078,0.135269939109,3.06873970679e-11,0.1353,0.1353,否
206100,1.3,0.132291663165,0.132291663195,2.93787216776e-11,0.1323,0.1323,否
206100,1.4,0.128858411631,0.128858411659,2.79055112351e-11,0.1289,0.1289,否
206100,1.5,0.12485847449,0.124858474517,2.62289912012e-11,0.1249,0.1249,否
206100,1.6,0.120112648474,0.120112648498,2.4318089209e-11,0.1201,0.1201,否
206100,1.7,0.114302971747,0.114302971769,2.20751056323e-11,0.1143,0.1143,否
206100,1.8,0.106765589569,0.106765589588,1.93391969106e-11,0.1068,0.1068,否
206100,1.9,0.0955993682574,0.095599368273,1.56099994042e-11,0.0956,0.0956,否
206100,2,0.0525293501572,0.0525293501601,2.88400553439e-12,0.0525,0.0525,否
