time_s,radius_cm
0.0,2.0
60.0,1.995766666666667
120.0,1.9915333333333334
180.0,1.9873000000000003
240.0,1.9830666666666668
300.0,1.9788333333333334
360.0,1.9746
420.0,1.9703666666666668
480.0,1.9661333333333333
540.0,1.9619000000000002
600.0,1.9576666666666667
660.0,1.9534333333333334
720.0,1.9491999999999998
780.0,1.9449666666666667
840.0,1.9407333333333332
900.0,1.9365
960.0,1.9322666666666668
1020.0,1.9280333333333333
1080.0,1.9238000000000002
1140.0,1.9195666666666666
1200.0,1.9153333333333336
1260.0,1.9111
1320.0,1.9068666666666667
1380.0,1.9026333333333332
1440.0,1.8984
1500.0,1.8941666666666666
1560.0,1.8899333333333335
1620.0,1.8857
1680.0,1.8814666666666666
1740.0,1.8772333333333335
1800.0,1.873
1860.0,1.8703666666666667
1920.0,1.8677333333333335
1980.0,1.8651
2040.0,1.8624666666666667
2100.0,1.8598333333333334
2160.0,1.8572000000000002
2220.0,1.854566666666667
2280.0,1.8519333333333332
2340.0,1.8493
2400.0,1.8466666666666667
2460.0,1.8440333333333332
2520.0,1.8414
2580.0,1.8387666666666667
2640.0,1.8361333333333334
2700.0,1.8335000000000001
2760.0,1.8308666666666666
2820.0,1.8282333333333334
2880.0,1.8256000000000001
2940.0,1.8229666666666668
3000.0,1.8203333333333336
3060.0,1.8177000000000003
3120.0,1.8150666666666668
3180.0,1.8124333333333333
3240.0,1.8097999999999999
3300.0,1.8071666666666666
3360.0,1.8045333333333333
3420.0,1.8019
3480.0,1.7992666666666668
3540.0,1.7966333333333333
3600.0,1.794
3660.0,1.7909666666666668
3720.0,1.7879333333333334
3780.0,1.7849
3840.0,1.7818666666666667
3900.0,1.7788333333333333
3960.0,1.7758
4020.0,1.7727666666666666
4080.0,1.7697333333333336
4140.0,1.7667000000000002
4200.0,1.763666666666667
4260.0,1.7606333333333335
4320.0,1.7576
4380.0,1.7545666666666668
4440.0,1.7515333333333334
4500.0,1.7485
4560.0,1.7454666666666667
4620.0,1.7424333333333333
4680.0,1.7394
4740.0,1.7363666666666666
4800.0,1.7333333333333332
4860.0,1.7303
4920.0,1.7272666666666665
4980.0,1.7242333333333333
5040.0,1.7212
5100.0,1.7181666666666668
5160.0,1.7151333333333334
5220.0,1.7121000000000002
5280.0,1.7090666666666667
5340.0,1.7060333333333333
5400.0,1.703
5460.0,1.7004
5520.0,1.6978
5580.0,1.6952000000000003
5640.0,1.6926
5700.0,1.69
5760.0,1.6874
5820.0,1.6848
5880.0,1.6822
5940.0,1.6795999999999998
6000.0,1.677
6060.0,1.6744
6120.0,1.6718
6180.0,1.6691999999999998
6240.0,1.6666
6300.0,1.6640000000000001
6360.0,1.6614
6420.0,1.6587999999999998
6480.0,1.6562000000000001
6540.0,1.6536000000000002
6600.0,1.651
6660.0,1.6483999999999999
6720.0,1.6458
6780.0,1.6432000000000002
6840.0,1.6406
6900.0,1.638
6960.0,1.6354
7020.0,1.6328000000000003
7080.0,1.6302
7140.0,1.6276
7200.0,1.625
7260.0,1.6238
7320.0,1.6226
7380.0,1.6214
7440.0,1.6202
7500.0,1.619
7560.0,1.6178000000000001
7620.0,1.6166
7680.0,1.6154000000000002
7740.0,1.6142
7800.0,1.6130000000000002
7860.0,1.6118000000000001
7920.0,1.6106000000000003
7980.0,1.6094000000000002
8040.0,1.6082000000000003
8100.0,1.6070000000000002
8160.0,1.6058
8220.0,1.6046
8280.0,1.6034
8340.0,1.6022
8400.0,1.601
8460.0,1.5998
8520.0,1.5986
8580.0,1.5974000000000002
8640.0,1.5962
8700.0,1.5950000000000002
8760.0,1.5938
8820.0,1.5926000000000002
8880.0,1.5914000000000001
8940.0,1.5902000000000003
9000.0,1.5890000000000002
9060.0,1.5877666666666668
9120.0,1.5865333333333336
9180.0,1.5853000000000002
9240.0,1.584066666666667
9300.0,1.5828333333333333
9360.0,1.5816000000000001
9420.0,1.5803666666666667
9480.0,1.5791333333333335
9540.0,1.5779
9600.0,1.5766666666666669
9660.0,1.5754333333333335
9720.0,1.5742000000000003
9780.0,1.5729666666666666
9840.0,1.5717333333333334
9900.0,1.5705
9960.0,1.5692666666666668
10020.0,1.5680333333333334
10080.0,1.5668000000000002
10140.0,1.5655666666666668
10200.0,1.5643333333333336
10260.0,1.5631000000000002
10320.0,1.5618666666666667
10380.0,1.5606333333333335
10440.0,1.5594000000000001
10500.0,1.5581666666666667
10560.0,1.5569333333333335
10620.0,1.5557
10680.0,1.5544666666666667
10740.0,1.5532333333333335
10800.0,1.552
10860.0,1.5506
10920.0,1.5492000000000001
10980.0,1.5478
11040.0,1.5464
11100.0,1.545
11160.0,1.5436
11220.0,1.5422
11280.0,1.5408000000000002
11340.0,1.5394
11400.0,1.538
11460.0,1.5366000000000002
11520.0,1.5352000000000001
11580.0,1.5338
11640.0,1.5324
11700.0,1.5310000000000001
11760.0,1.5296
11820.0,1.5282
11880.0,1.5268
11940.0,1.5254
12000.0,1.524
12060.0,1.5226
12120.0,1.5211999999999999
12180.0,1.5198
12240.0,1.5184000000000002
12300.0,1.5170000000000001
12360.0,1.5156
12420.0,1.5142
12480.0,1.5128000000000001
12540.0,1.5114
12600.0,1.51
12660.0,1.5089
12720.0,1.5078
12780.0,1.5067000000000002
12840.0,1.5056
12900.0,1.5045000000000002
12960.0,1.5034
13020.0,1.5023
13080.0,1.5012
13140.0,1.5001
13200.0,1.4989999999999999
13260.0,1.4979
13320.0,1.4968000000000001
13380.0,1.4957
13440.0,1.4946000000000002
13500.0,1.4935
13560.0,1.4924
13620.0,1.4913
13680.0,1.4902
13740.0,1.4890999999999999
13800.0,1.488
13860.0,1.4869
13920.0,1.4858
13980.0,1.4847000000000001
14040.0,1.4836
14100.0,1.4825
14160.0,1.4814
14220.0,1.4803
14280.0,1.4792
14340.0,1.4781
14400.0,1.477
14460.0,1.476
14520.0,1.475
14580.0,1.474
14640.0,1.473
14700.0,1.472
14760.0,1.471
14820.0,1.47
14880.0,1.469
14940.0,1.468
15000.0,1.467
15060.0,1.466
15120.0,1.465
15180.0,1.464
15240.0,1.463
15300.0,1.4620000000000002
15360.0,1.461
15420.0,1.46
15480.0,1.459
15540.0,1.4580000000000002
15600.0,1.4569999999999999
15660.0,1.456
15720.0,1.455
15780.0,1.4540000000000002
15840.0,1.4529999999999998
15900.0,1.452
15960.0,1.451
16020.0,1.4500000000000002
16080.0,1.4489999999999998
16140.0,1.448
16200.0,1.447
16260.0,1.4462333333333335
16320.0,1.4454666666666667
16380.0,1.4446999999999999
16440.0,1.4439333333333333
16500.0,1.4431666666666667
16560.0,1.4424
16620.0,1.4416333333333333
16680.0,1.4408666666666667
16740.0,1.4401000000000002
16800.0,1.4393333333333334
16860.0,1.4385666666666665
16920.0,1.4378
16980.0,1.4370333333333334
17040.0,1.4362666666666666
17100.0,1.4355
17160.0,1.4347333333333334
17220.0,1.4339666666666666
17280.0,1.4332
17340.0,1.4324333333333332
17400.0,1.4316666666666666
17460.0,1.4308999999999998
17520.0,1.4301333333333333
17580.0,1.4293666666666667
17640.0,1.4286
17700.0,1.4278333333333333
17760.0,1.4270666666666665
17820.0,1.4263
17880.0,1.4255333333333333
17940.0,1.4247666666666665
18000.0,1.424
18060.0,1.4230999999999998
18120.0,1.4222
18180.0,1.4213
18240.0,1.4203999999999999
18300.0,1.4195
18360.0,1.4185999999999999
18420.0,1.4177
18480.0,1.4168
18540.0,1.4159
18600.0,1.415
18660.0,1.4141
18720.0,1.4131999999999998
18780.0,1.4123
18840.0,1.4114
18900.0,1.4104999999999999
18960.0,1.4096
19020.0,1.4086999999999998
19080.0,1.4078
19140.0,1.4069
19200.0,1.406
19260.0,1.4051
19320.0,1.4042
19380.0,1.4033
19440.0,1.4024
19500.0,1.4015
19560.0,1.4005999999999998
19620.0,1.3997
19680.0,1.3988
19740.0,1.3979
19800.0,1.397
19860.0,1.3962333333333334
19920.0,1.3954666666666666
19980.0,1.3946999999999998
20040.0,1.3939333333333332
20100.0,1.3931666666666667
20160.0,1.3924
20220.0,1.3916333333333333
20280.0,1.3908666666666667
20340.0,1.3901000000000001
20400.0,1.3893333333333333
20460.0,1.3885666666666665
20520.0,1.3878
20580.0,1.3870333333333333
20640.0,1.3862666666666668
20700.0,1.3855
20760.0,1.3847333333333334
20820.0,1.3839666666666668
20880.0,1.3832
20940.0,1.3824333333333334
21000.0,1.3816666666666666
21060.0,1.3809
21120.0,1.3801333333333334
21180.0,1.3793666666666669
21240.0,1.3786
21300.0,1.3778333333333332
21360.0,1.3770666666666667
21420.0,1.3763
21480.0,1.3755333333333333
21540.0,1.3747666666666667
21600.0,1.374
21660.0,1.3734
21720.0,1.3728
21780.0,1.3722
21840.0,1.3716000000000002
21900.0,1.371
21960.0,1.3704
22020.0,1.3698
22080.0,1.3692
22140.0,1.3686
22200.0,1.3679999999999999
22260.0,1.3674
22320.0,1.3668
22380.0,1.3662
22440.0,1.3656
22500.0,1.365
22560.0,1.3644
22620.0,1.3638
22680.0,1.3632
22740.0,1.3626
22800.0,1.362
22860.0,1.3614
22920.0,1.3608
22980.0,1.3601999999999999
23040.0,1.3596
23100.0,1.359
23160.0,1.3583999999999998
23220.0,1.3578
23280.0,1.3572
23340.0,1.3566
23400.0,1.3559999999999999
23460.0,1.3553666666666666
23520.0,1.3547333333333333
23580.0,1.3540999999999999
23640.0,1.3534666666666666
23700.0,1.3528333333333333
23760.0,1.3521999999999998
23820.0,1.3515666666666666
23880.0,1.3509333333333333
23940.0,1.3502999999999998
24000.0,1.3496666666666666
24060.0,1.3490333333333333
24120.0,1.3484
24180.0,1.3477666666666666
24240.0,1.3471333333333333
24300.0,1.3465
24360.0,1.3458666666666665
24420.0,1.3452333333333333
24480.0,1.3446
24540.0,1.3439666666666665
24600.0,1.3433333333333333
24660.0,1.3427
24720.0,1.3420666666666665
24780.0,1.3414333333333333
24840.0,1.3408
24900.0,1.3401666666666665
24960.0,1.3395333333333335
25020.0,1.3389
25080.0,1.3382666666666665
25140.0,1.3376333333333335
25200.0,1.337
25260.0,1.3364666666666667
25320.0,1.3359333333333332
25380.0,1.3354
25440.0,1.3348666666666666
25500.0,1.3343333333333334
25560.0,1.3337999999999999
25620.0,1.3332666666666666
25680.0,1.3327333333333333
25740.0,1.3322
25800.0,1.3316666666666666
25860.0,1.3311333333333333
25920.0,1.3306
25980.0,1.3300666666666667
26040.0,1.3295333333333332
26100.0,1.329
26160.0,1.3284666666666667
26220.0,1.3279333333333332
26280.0,1.3274
26340.0,1.3268666666666666
26400.0,1.3263333333333334
26460.0,1.3257999999999999
26520.0,1.3252666666666666
26580.0,1.3247333333333333
26640.0,1.3242
26700.0,1.3236666666666665
26760.0,1.3231333333333333
26820.0,1.3226
26880.0,1.3220666666666667
26940.0,1.3215333333333332
27000.0,1.321
27060.0,1.3206666666666667
27120.0,1.3203333333333334
27180.0,1.32
27240.0,1.3196666666666665
27300.0,1.3193333333333332
27360.0,1.319
27420.0,1.3186666666666667
27480.0,1.3183333333333334
27540.0,1.3179999999999998
27600.0,1.3176666666666665
27660.0,1.3173333333333335
27720.0,1.317
27780.0,1.3166666666666667
27840.0,1.3163333333333331
27900.0,1.316
27960.0,1.3156666666666668
28020.0,1.3153333333333332
28080.0,1.315
28140.0,1.3146666666666667
28200.0,1.3143333333333334
28260.0,1.314
28320.0,1.3136666666666665
28380.0,1.3133333333333335
28440.0,1.313
28500.0,1.3126666666666666
28560.0,1.3123333333333334
28620.0,1.312
28680.0,1.3116666666666668
28740.0,1.3113333333333332
28800.0,1.311
28860.0,1.3106
28920.0,1.3102
28980.0,1.3098
29040.0,1.3094
29100.0,1.3090000000000002
29160.0,1.3086
29220.0,1.3082
29280.0,1.3077999999999999
29340.0,1.3074000000000001
29400.0,1.307
29460.0,1.3066
29520.0,1.3062
29580.0,1.3058
29640.0,1.3054
29700.0,1.305
29760.0,1.3046
29820.0,1.3042
29880.0,1.3037999999999998
29940.0,1.3034000000000001
30000.0,1.303
30060.0,1.3026
30120.0,1.3022
30180.0,1.3018
30240.0,1.3014
30300.0,1.3010000000000002
30360.0,1.3006
30420.0,1.3002
30480.0,1.2997999999999998
30540.0,1.2994
30600.0,1.299
30660.0,1.2987333333333333
30720.0,1.2984666666666667
30780.0,1.2982
30840.0,1.2979333333333332
30900.0,1.2976666666666665
30960.0,1.2973999999999999
31020.0,1.2971333333333332
31080.0,1.2968666666666666
31140.0,1.2966
31200.0,1.2963333333333333
31260.0,1.2960666666666667
31320.0,1.2957999999999998
31380.0,1.2955333333333332
31440.0,1.2952666666666666
31500.0,1.295
31560.0,1.2947333333333333
31620.0,1.2944666666666667
31680.0,1.2942
31740.0,1.2939333333333332
31800.0,1.2936666666666665
31860.0,1.2933999999999999
31920.0,1.2931333333333332
31980.0,1.2928666666666666
32040.0,1.2926
32100.0,1.2923333333333333
32160.0,1.2920666666666667
32220.0,1.2917999999999998
32280.0,1.2915333333333332
32340.0,1.2912666666666666
32400.0,1.291
32460.0,1.2906666666666664
32520.0,1.2903333333333327
32580.0,1.289999999999999
32640.0,1.2896666666666654
32700.0,1.2893333333333317
32760.0,1.288999999999998
32820.0,1.2886666666666644
32880.0,1.2883333333333307
32940.0,1.287999999999997
33000.0,1.2876666666666634
33060.0,1.2873333333333297
33120.0,1.286999999999996
33180.0,1.2866666666666624
33240.0,1.2863333333333287
33300.0,1.285999999999995
33360.0,1.2856666666666614
33420.0,1.2853333333333277
33480.0,1.284999999999994
33540.0,1.2846666666666604
33600.0,1.2843333333333267
33660.0,1.283999999999993
33720.0,1.2836666666666594
33780.0,1.2833333333333257
33840.0,1.282999999999992
33900.0,1.2826666666666584
33960.0,1.2823333333333247
34020.0,1.281999999999991
34080.0,1.2816666666666574
34140.0,1.2813333333333237
34200.0,1.28099999999999
34260.0,1.2807333333333233
34320.0,1.2804666666666566
34380.0,1.28019999999999
34440.0,1.2799333333333232
34500.0,1.2796666666666565
34560.0,1.2793999999999899
34620.0,1.2791333333333232
34680.0,1.2788666666666566
34740.0,1.27859999999999
34800.0,1.2783333333333233
34860.0,1.2780666666666567
34920.0,1.2777999999999898
34980.0,1.2775333333333232
35040.0,1.2772666666666566
35100.0,1.27699999999999
35160.0,1.2767333333333233
35220.0,1.2764666666666566
35280.0,1.27619999999999
35340.0,1.2759333333333231
35400.0,1.2756666666666565
35460.0,1.2753999999999899
35520.0,1.2751333333333232
35580.0,1.2748666666666566
35640.0,1.27459999999999
35700.0,1.2743333333333233
35760.0,1.2740666666666567
35820.0,1.2737999999999898
35880.0,1.2735333333333232
35940.0,1.2732666666666566
36000.0,1.27299999999999
36060.0,1.272766666666657
36120.0,1.272533333333324
36180.0,1.2722999999999909
36240.0,1.272066666666658
36300.0,1.271833333333325
36360.0,1.271599999999992
36420.0,1.271366666666659
36480.0,1.271133333333326
36540.0,1.2708999999999928
36600.0,1.27066666666666
36660.0,1.2704333333333269
36720.0,1.270199999999994
36780.0,1.269966666666661
36840.0,1.2697333333333278
36900.0,1.269499999999995
36960.0,1.2692666666666619
37020.0,1.269033333333329
37080.0,1.268799999999996
37140.0,1.268566666666663
37200.0,1.26833333333333
37260.0,1.268099999999997
37320.0,1.267866666666664
37380.0,1.267633333333331
37440.0,1.2673999999999979
37500.0,1.2671666666666648
37560.0,1.266933333333332
37620.0,1.2666999999999988
37680.0,1.266466666666666
37740.0,1.2662333333333329
37800.0,1.266
37860.0,1.2657999999999998
37920.0,1.2655999999999998
37980.0,1.2653999999999999
38040.0,1.2652
38100.0,1.265
38160.0,1.2648
38220.0,1.2646
38280.0,1.2644
38340.0,1.2642
38400.0,1.264
38460.0,1.2638
38520.0,1.2636
38580.0,1.2633999999999999
38640.0,1.2631999999999999
38700.0,1.2630000000000001
38760.0,1.2628
38820.0,1.2626
38880.0,1.2624
38940.0,1.2622
39000.0,1.262
39060.0,1.2618
39120.0,1.2616
39180.0,1.2614
39240.0,1.2612
39300.0,1.261
39360.0,1.2608
39420.0,1.2606
39480.0,1.2604
39540.0,1.2602
39600.0,1.26
39660.0,1.2597666666666667
39720.0,1.2595333333333334
39780.0,1.2593
39840.0,1.2590666666666666
39900.0,1.2588333333333332
39960.0,1.2586
40020.0,1.2583666666666666
40080.0,1.2581333333333333
40140.0,1.2579
40200.0,1.2576666666666667
40260.0,1.2574333333333334
40320.0,1.2572
40380.0,1.2569666666666666
40440.0,1.2567333333333333
40500.0,1.2565
40560.0,1.2562666666666666
40620.0,1.2560333333333333
40680.0,1.2558
40740.0,1.2555666666666667
40800.0,1.2553333333333332
40860.0,1.2550999999999999
40920.0,1.2548666666666666
40980.0,1.2546333333333333
41040.0,1.2544
41100.0,1.2541666666666667
41160.0,1.2539333333333333
41220.0,1.2537
41280.0,1.2534666666666667
41340.0,1.2532333333333332
41400.0,1.253
41460.0,1.2528333333333332
41520.0,1.2526666666666666
41580.0,1.2525
41640.0,1.2523333333333333
41700.0,1.2521666666666667
41760.0,1.252
41820.0,1.2518333333333334
41880.0,1.2516666666666665
41940.0,1.2515
42000.0,1.2513333333333332
42060.0,1.2511666666666665
42120.0,1.2510000000000001
42180.0,1.2508333333333332
42240.0,1.2506666666666666
42300.0,1.2505
42360.0,1.2503333333333333
42420.0,1.2501666666666666
42480.0,1.25
42540.0,1.2498333333333334
42600.0,1.2496666666666667
42660.0,1.2494999999999998
42720.0,1.2493333333333334
42780.0,1.2491666666666668
42840.0,1.2489999999999999
42900.0,1.2488333333333335
42960.0,1.2486666666666666
43020.0,1.2485
43080.0,1.2483333333333333
43140.0,1.2481666666666666
43200.0,1.248
43260.0,1.2478666666666665
43320.0,1.2477333333333334
43380.0,1.2475999999999998
43440.0,1.2474666666666667
43500.0,1.2473333333333332
43560.0,1.2472
43620.0,1.2470666666666665
43680.0,1.2469333333333332
43740.0,1.2468
43800.0,1.2466666666666666
43860.0,1.2465333333333333
43920.0,1.2464
43980.0,1.2462666666666666
44040.0,1.2461333333333333
44100.0,1.246
44160.0,1.2458666666666667
44220.0,1.2457333333333331
44280.0,1.2456
44340.0,1.2454666666666665
44400.0,1.2453333333333334
44460.0,1.2451999999999999
44520.0,1.2450666666666668
44580.0,1.2449333333333332
44640.0,1.2448
44700.0,1.2446666666666666
44760.0,1.2445333333333333
44820.0,1.2444
44880.0,1.2442666666666666
44940.0,1.2441333333333333
45000.0,1.244
45060.0,1.2438666666666665
45120.0,1.2437333333333334
45180.0,1.2435999999999998
45240.0,1.2434666666666667
45300.0,1.2433333333333332
45360.0,1.2432
45420.0,1.2430666666666665
45480.0,1.2429333333333332
45540.0,1.2428
45600.0,1.2426666666666666
45660.0,1.2425333333333333
45720.0,1.2424
45780.0,1.2422666666666666
45840.0,1.2421333333333333
45900.0,1.242
45960.0,1.2418666666666667
46020.0,1.2417333333333331
46080.0,1.2416
46140.0,1.2414666666666665
46200.0,1.2413333333333334
46260.0,1.2411999999999999
46320.0,1.2410666666666668
46380.0,1.2409333333333332
46440.0,1.2408
46500.0,1.2406666666666666
46560.0,1.2405333333333333
46620.0,1.2404
46680.0,1.2402666666666666
46740.0,1.2401333333333333
46800.0,1.24
46860.0,1.2398666666666665
46920.0,1.2397333333333334
46980.0,1.2395999999999998
47040.0,1.2394666666666667
47100.0,1.2393333333333332
47160.0,1.2392
47220.0,1.2390666666666665
47280.0,1.2389333333333332
47340.0,1.2388
47400.0,1.2386666666666666
47460.0,1.2385333333333333
47520.0,1.2384
47580.0,1.2382666666666666
47640.0,1.2381333333333333
47700.0,1.2379999999999998
47760.0,1.2378666666666667
47820.0,1.2377333333333331
47880.0,1.2376
47940.0,1.2374666666666665
48000.0,1.2373333333333334
48060.0,1.2371999999999999
48120.0,1.2370666666666668
48180.0,1.2369333333333332
48240.0,1.2368
48300.0,1.2366666666666666
48360.0,1.2365333333333333
48420.0,1.2364
48480.0,1.2362666666666666
48540.0,1.2361333333333333
48600.0,1.236
48660.0,1.2359
48720.0,1.2358
48780.0,1.2357
48840.0,1.2355999999999998
48900.0,1.2355
48960.0,1.2354
49020.0,1.2352999999999998
49080.0,1.2352
49140.0,1.2350999999999999
49200.0,1.2349999999999999
49260.0,1.2349
49320.0,1.2348
49380.0,1.2347000000000001
49440.0,1.2346
49500.0,1.2345
49560.0,1.2344000000000002
49620.0,1.2343
49680.0,1.2342
49740.0,1.2341
49800.0,1.234
49860.0,1.2339
49920.0,1.2338
49980.0,1.2337
50040.0,1.2336
50100.0,1.2335
50160.0,1.2334
50220.0,1.2333
50280.0,1.2332
50340.0,1.2331
50400.0,1.233
50460.0,1.2328666666666666
50520.0,1.2327333333333335
50580.0,1.2326
50640.0,1.2324666666666668
50700.0,1.2323333333333333
50760.0,1.2322000000000002
50820.0,1.2320666666666666
50880.0,1.2319333333333333
50940.0,1.2318
51000.0,1.2316666666666667
51060.0,1.2315333333333334
51120.0,1.2314
51180.0,1.2312666666666667
51240.0,1.2311333333333334
51300.0,1.231
51360.0,1.2308666666666668
51420.0,1.2307333333333332
51480.0,1.2306000000000001
51540.0,1.2304666666666666
51600.0,1.2303333333333335
51660.0,1.2302
51720.0,1.2300666666666669
51780.0,1.2299333333333333
51840.0,1.2298
51900.0,1.2296666666666667
51960.0,1.2295333333333334
52020.0,1.2294
52080.0,1.2292666666666667
52140.0,1.2291333333333334
52200.0,1.229
52260.0,1.2289
52320.0,1.2288000000000001
52380.0,1.2287000000000001
52440.0,1.2286
52500.0,1.2285000000000001
52560.0,1.2284
52620.0,1.2283
52680.0,1.2282000000000002
52740.0,1.2281
52800.0,1.2280000000000002
52860.0,1.2279
52920.0,1.2278
52980.0,1.2277
53040.0,1.2276
53100.0,1.2275
53160.0,1.2274
53220.0,1.2273
53280.0,1.2272
53340.0,1.2271
53400.0,1.2269999999999999
53460.0,1.2269
53520.0,1.2268
53580.0,1.2267000000000001
53640.0,1.2266000000000001
53700.0,1.2265
53760.0,1.2264000000000002
53820.0,1.2263
53880.0,1.2262
53940.0,1.2261
54000.0,1.226
54060.0,1.2259
54120.0,1.2258
54180.0,1.2257
54240.0,1.2256
54300.0,1.2255
54360.0,1.2253999999999998
54420.0,1.2253
54480.0,1.2252
54540.0,1.2251
54600.0,1.225
54660.0,1.2248999999999999
54720.0,1.2248
54780.0,1.2247
54840.0,1.2246
54900.0,1.2245
54960.0,1.2244
55020.0,1.2243
55080.0,1.2242
55140.0,1.2241
55200.0,1.224
55260.0,1.2239
55320.0,1.2237999999999998
55380.0,1.2237
55440.0,1.2236
55500.0,1.2235
55560.0,1.2234
55620.0,1.2232999999999998
55680.0,1.2232
55740.0,1.2230999999999999
55800.0,1.2229999999999999
55860.0,1.2229333333333334
55920.0,1.2228666666666665
55980.0,1.2227999999999999
56040.0,1.2227333333333332
56100.0,1.2226666666666668
56160.0,1.2226
56220.0,1.2225333333333332
56280.0,1.2224666666666666
56340.0,1.2224000000000002
56400.0,1.2223333333333333
56460.0,1.2222666666666666
56520.0,1.2222
56580.0,1.2221333333333333
56640.0,1.2220666666666666
56700.0,1.222
56760.0,1.2219333333333333
56820.0,1.2218666666666667
56880.0,1.2218
56940.0,1.2217333333333333
57000.0,1.2216666666666667
57060.0,1.2216
57120.0,1.2215333333333334
57180.0,1.2214666666666667
57240.0,1.2214
57300.0,1.2213333333333334
57360.0,1.2212666666666667
57420.0,1.2212
57480.0,1.2211333333333334
57540.0,1.2210666666666667
57600.0,1.221
57660.0,1.2209333333333334
57720.0,1.2208666666666665
57780.0,1.2208
57840.0,1.2207333333333334
57900.0,1.2206666666666668
57960.0,1.2206
58020.0,1.2205333333333335
58080.0,1.2204666666666668
58140.0,1.2204
58200.0,1.2203333333333333
58260.0,1.2202666666666668
58320.0,1.2202
58380.0,1.2201333333333333
58440.0,1.2200666666666666
58500.0,1.22
58560.0,1.2199333333333333
58620.0,1.2198666666666667
58680.0,1.2198
58740.0,1.2197333333333333
58800.0,1.2196666666666667
58860.0,1.2196
58920.0,1.2195333333333331
58980.0,1.2194666666666667
59040.0,1.2194
59100.0,1.2193333333333334
59160.0,1.2192666666666665
59220.0,1.2192
59280.0,1.2191333333333334
59340.0,1.2190666666666665
59400.0,1.2189999999999999
59460.0,1.2189666666666665
59520.0,1.2189333333333334
59580.0,1.2189
59640.0,1.2188666666666665
59700.0,1.2188333333333332
59760.0,1.2187999999999999
59820.0,1.2187666666666666
59880.0,1.2187333333333332
59940.0,1.2187
60000.0,1.2186666666666668
60060.0,1.2186333333333335
60120.0,1.2186
60180.0,1.2185666666666666
60240.0,1.2185333333333332
60300.0,1.2185
60360.0,1.2184666666666666
60420.0,1.2184333333333333
60480.0,1.2184
60540.0,1.2183666666666666
60600.0,1.2183333333333333
60660.0,1.2183
60720.0,1.2182666666666666
60780.0,1.2182333333333333
60840.0,1.2182
60900.0,1.2181666666666666
60960.0,1.2181333333333333
61020.0,1.2181
61080.0,1.2180666666666666
61140.0,1.2180333333333333
61200.0,1.218
61260.0,1.217933333333333
61320.0,1.217866666666666
61380.0,1.2177999999999989
61440.0,1.217733333333332
61500.0,1.217666666666665
61560.0,1.217599999999998
61620.0,1.2175333333333311
61680.0,1.217466666666664
61740.0,1.217399999999997
61800.0,1.21733333333333
61860.0,1.217266666666663
61920.0,1.217199999999996
61980.0,1.217133333333329
62040.0,1.2170666666666619
62100.0,1.216999999999995
62160.0,1.216933333333328
62220.0,1.216866666666661
62280.0,1.2167999999999939
62340.0,1.216733333333327
62400.0,1.21666666666666
62460.0,1.216599999999993
62520.0,1.2165333333333261
62580.0,1.216466666666659
62640.0,1.216399999999992
62700.0,1.216333333333325
62760.0,1.216266666666658
62820.0,1.216199999999991
62880.0,1.216133333333324
62940.0,1.216066666666657
63000.0,1.21599999999999
63060.0,1.2159333333333238
63120.0,1.2158666666666573
63180.0,1.215799999999991
63240.0,1.2157333333333247
63300.0,1.2156666666666582
63360.0,1.215599999999992
63420.0,1.2155333333333256
63480.0,1.2154666666666594
63540.0,1.2153999999999932
63600.0,1.2153333333333265
63660.0,1.2152666666666603
63720.0,1.215199999999994
63780.0,1.2151333333333276
63840.0,1.2150666666666614
63900.0,1.214999999999995
63960.0,1.2149333333333285
64020.0,1.2148666666666623
64080.0,1.2147999999999959
64140.0,1.2147333333333297
64200.0,1.2146666666666635
64260.0,1.214599999999997
64320.0,1.2145333333333306
64380.0,1.2144666666666644
64440.0,1.214399999999998
64500.0,1.2143333333333317
64560.0,1.2142666666666653
64620.0,1.214199999999999
64680.0,1.2141333333333326
64740.0,1.2140666666666662
64800.0,1.214
64860.0,1.2139666666666666
64920.0,1.2139333333333333
64980.0,1.2139
65040.0,1.2138666666666666
65100.0,1.2138333333333333
65160.0,1.2138
65220.0,1.2137666666666667
65280.0,1.2137333333333333
65340.0,1.2137
65400.0,1.2136666666666667
65460.0,1.2136333333333333
65520.0,1.2136
65580.0,1.2135666666666667
65640.0,1.2135333333333334
65700.0,1.2135
65760.0,1.2134666666666667
65820.0,1.2134333333333334
65880.0,1.2134
65940.0,1.2133666666666665
66000.0,1.2133333333333334
66060.0,1.2133
66120.0,1.2132666666666667
66180.0,1.2132333333333334
66240.0,1.2132
66300.0,1.2131666666666667
66360.0,1.2131333333333334
66420.0,1.2130999999999998
66480.0,1.2130666666666667
66540.0,1.2130333333333334
66600.0,1.213
66660.0,1.2129666666666663
66720.0,1.2129333333333328
66780.0,1.212899999999999
66840.0,1.2128666666666654
66900.0,1.2128333333333317
66960.0,1.212799999999998
67020.0,1.2127666666666643
67080.0,1.2127333333333306
67140.0,1.212699999999997
67200.0,1.2126666666666632
67260.0,1.2126333333333297
67320.0,1.212599999999996
67380.0,1.2125666666666624
67440.0,1.2125333333333286
67500.0,1.212499999999995
67560.0,1.2124666666666613
67620.0,1.2124333333333277
67680.0,1.212399999999994
67740.0,1.2123666666666604
67800.0,1.2123333333333268
67860.0,1.212299999999993
67920.0,1.2122666666666595
67980.0,1.2122333333333255
68040.0,1.212199999999992
68100.0,1.2121666666666582
68160.0,1.2121333333333246
68220.0,1.212099999999991
68280.0,1.2120666666666573
68340.0,1.2120333333333237
68400.0,1.21199999999999
68460.0,1.211966666666657
68520.0,1.211933333333324
68580.0,1.2118999999999909
68640.0,1.211866666666658
68700.0,1.211833333333325
68760.0,1.211799999999992
68820.0,1.2117666666666589
68880.0,1.211733333333326
68940.0,1.211699999999993
69000.0,1.21166666666666
69060.0,1.211633333333327
69120.0,1.211599999999994
69180.0,1.211566666666661
69240.0,1.211533333333328
69300.0,1.211499999999995
69360.0,1.2114666666666618
69420.0,1.211433333333329
69480.0,1.211399999999996
69540.0,1.211366666666663
69600.0,1.2113333333333298
69660.0,1.211299999999997
69720.0,1.211266666666664
69780.0,1.211233333333331
69840.0,1.2111999999999978
69900.0,1.211166666666665
69960.0,1.2111333333333318
70020.0,1.211099999999999
70080.0,1.2110666666666658
70140.0,1.211033333333333
70200.0,1.2109999999999999
70260.0,1.2109666666666665
70320.0,1.2109333333333332
70380.0,1.2109
70440.0,1.2108666666666665
70500.0,1.2108333333333332
70560.0,1.2107999999999999
70620.0,1.2107666666666665
70680.0,1.2107333333333332
70740.0,1.2106999999999999
70800.0,1.2106666666666666
70860.0,1.2106333333333335
70920.0,1.2106
70980.0,1.2105666666666666
71040.0,1.2105333333333332
71100.0,1.2105
71160.0,1.2104666666666666
71220.0,1.2104333333333333
71280.0,1.2104
71340.0,1.2103666666666666
71400.0,1.2103333333333333
71460.0,1.2103
71520.0,1.2102666666666666
71580.0,1.2102333333333333
71640.0,1.2102
71700.0,1.2101666666666666
71760.0,1.2101333333333333
71820.0,1.2101
71880.0,1.2100666666666666
71940.0,1.2100333333333333
72000.0,1.21
72060.0,1.2099666666666666
72120.0,1.2099333333333333
72180.0,1.2099
72240.0,1.2098666666666666
72300.0,1.2098333333333333
72360.0,1.2098
72420.0,1.2097666666666667
72480.0,1.2097333333333333
72540.0,1.2097
72600.0,1.2096666666666667
72660.0,1.2096333333333333
72720.0,1.2096
72780.0,1.2095666666666667
72840.0,1.2095333333333333
72900.0,1.2095
72960.0,1.2094666666666667
73020.0,1.2094333333333334
73080.0,1.2094
73140.0,1.2093666666666665
73200.0,1.2093333333333334
73260.0,1.2093
73320.0,1.2092666666666667
73380.0,1.2092333333333334
73440.0,1.2092
73500.0,1.2091666666666667
73560.0,1.2091333333333334
73620.0,1.2090999999999998
73680.0,1.2090666666666667
73740.0,1.2090333333333334
73800.0,1.209
73860.0,1.2089666666666667
73920.0,1.2089333333333334
73980.0,1.2089
74040.0,1.2088666666666665
74100.0,1.2088333333333332
74160.0,1.2087999999999999
74220.0,1.2087666666666668
74280.0,1.2087333333333334
74340.0,1.2087
74400.0,1.2086666666666668
74460.0,1.2086333333333334
74520.0,1.2086
74580.0,1.2085666666666666
74640.0,1.2085333333333332
74700.0,1.2085000000000001
74760.0,1.2084666666666668
74820.0,1.2084333333333335
74880.0,1.2084000000000001
74940.0,1.2083666666666666
75000.0,1.2083333333333333
75060.0,1.2083
75120.0,1.2082666666666666
75180.0,1.2082333333333333
75240.0,1.2082000000000002
75300.0,1.2081666666666668
75360.0,1.2081333333333335
75420.0,1.2081
75480.0,1.2080666666666666
75540.0,1.2080333333333333
75600.0,1.208
75660.0,1.2079666666666666
75720.0,1.2079333333333335
75780.0,1.2079000000000002
75840.0,1.2078666666666666
75900.0,1.2078333333333333
75960.0,1.2078
76020.0,1.2077666666666667
76080.0,1.2077333333333333
76140.0,1.2077
76200.0,1.2076666666666669
76260.0,1.2076333333333336
76320.0,1.2076
76380.0,1.2075666666666667
76440.0,1.2075333333333333
76500.0,1.2075
76560.0,1.2074666666666667
76620.0,1.2074333333333334
76680.0,1.2074000000000003
76740.0,1.2073666666666667
76800.0,1.2073333333333334
76860.0,1.2073
76920.0,1.2072666666666667
76980.0,1.2072333333333334
77040.0,1.2072
77100.0,1.2071666666666667
77160.0,1.2071333333333334
77220.0,1.2071
77280.0,1.2070666666666667
77340.0,1.2070333333333334
77400.0,1.207
77460.0,1.2069666666666667
77520.0,1.2069333333333334
77580.0,1.2069
77640.0,1.2068666666666668
77700.0,1.2068333333333334
77760.0,1.2068
77820.0,1.2067666666666668
77880.0,1.2067333333333334
77940.0,1.2067
78000.0,1.2066666666666666
78060.0,1.2066333333333334
78120.0,1.2066000000000001
78180.0,1.2065666666666668
78240.0,1.2065333333333335
78300.0,1.2065
78360.0,1.2064666666666666
78420.0,1.2064333333333332
78480.0,1.2064
78540.0,1.2063666666666668
78600.0,1.2063333333333335
78660.0,1.2063000000000001
78720.0,1.2062666666666666
78780.0,1.2062333333333333
78840.0,1.2062
78900.0,1.2061666666666666
78960.0,1.2061333333333333
79020.0,1.2061
79080.0,1.2060666666666666
79140.0,1.2060333333333333
79200.0,1.206
79260.0,1.206
79320.0,1.206
79380.0,1.206
79440.0,1.206
79500.0,1.206
79560.0,1.206
79620.0,1.206
79680.0,1.206
79740.0,1.206
79800.0,1.206
79860.0,1.206
79920.0,1.206
79980.0,1.206
80040.0,1.206
80100.0,1.206
80160.0,1.206
80220.0,1.206
80280.0,1.206
80340.0,1.206
80400.0,1.206
80460.0,1.206
80520.0,1.206
80580.0,1.206
80640.0,1.206
80700.0,1.206
80760.0,1.206
80820.0,1.206
80880.0,1.206
80940.0,1.206
81000.0,1.206
81060.0,1.2059666666666666
81120.0,1.2059333333333333
81180.0,1.2059
81240.0,1.2058666666666666
81300.0,1.2058333333333333
81360.0,1.2058
81420.0,1.2057666666666667
81480.0,1.2057333333333333
81540.0,1.2057
81600.0,1.2056666666666667
81660.0,1.2056333333333333
81720.0,1.2056
81780.0,1.2055666666666667
81840.0,1.2055333333333333
81900.0,1.2055
81960.0,1.2054666666666667
82020.0,1.2054333333333334
82080.0,1.2054
82140.0,1.2053666666666665
82200.0,1.2053333333333334
82260.0,1.2053
82320.0,1.2052666666666667
82380.0,1.2052333333333334
82440.0,1.2052
82500.0,1.2051666666666667
82560.0,1.2051333333333334
82620.0,1.2050999999999998
82680.0,1.2050666666666665
82740.0,1.2050333333333334
82800.0,1.205
82860.0,1.205
82920.0,1.205
82980.0,1.205
83040.0,1.205
83100.0,1.205
83160.0,1.205
83220.0,1.205
83280.0,1.205
83340.0,1.205
83400.0,1.205
83460.0,1.205
83520.0,1.205
83580.0,1.205
83640.0,1.205
83700.0,1.205
83760.0,1.205
83820.0,1.205
83880.0,1.205
83940.0,1.205
84000.0,1.205
84060.0,1.205
84120.0,1.205
84180.0,1.205
84240.0,1.205
84300.0,1.205
84360.0,1.205
84420.0,1.205
84480.0,1.205
84540.0,1.205
84600.0,1.205
84660.0,1.2049666666666667
84720.0,1.2049333333333334
84780.0,1.2049
84840.0,1.2048666666666665
84900.0,1.2048333333333332
84960.0,1.2047999999999999
85020.0,1.2047666666666668
85080.0,1.2047333333333334
85140.0,1.2047
85200.0,1.2046666666666668
85260.0,1.2046333333333334
85320.0,1.2046
85380.0,1.2045666666666666
85440.0,1.2045333333333332
85500.0,1.2045
85560.0,1.2044666666666668
85620.0,1.2044333333333335
85680.0,1.2044000000000001
85740.0,1.2043666666666666
85800.0,1.2043333333333333
85860.0,1.2043
85920.0,1.2042666666666666
85980.0,1.2042333333333333
86040.0,1.2042000000000002
86100.0,1.2041666666666668
86160.0,1.2041333333333335
86220.0,1.2041
86280.0,1.2040666666666666
86340.0,1.2040333333333333
86400.0,1.204
86460.0,1.204
86520.0,1.204
86580.0,1.204
86640.0,1.204
86700.0,1.204
86760.0,1.204
86820.0,1.204
86880.0,1.204
86940.0,1.204
87000.0,1.204
87060.0,1.204
87120.0,1.204
87180.0,1.204
87240.0,1.204
87300.0,1.204
87360.0,1.204
87420.0,1.204
87480.0,1.204
87540.0,1.204
87600.0,1.204
87660.0,1.204
87720.0,1.204
87780.0,1.204
87840.0,1.204
87900.0,1.204
87960.0,1.204
88020.0,1.204
88080.0,1.204
88140.0,1.204
88200.0,1.204
88260.0,1.2039666666666666
88320.0,1.2039333333333335
88380.0,1.2039000000000002
88440.0,1.2038666666666666
88500.0,1.2038333333333333
88560.0,1.2038
88620.0,1.2037666666666667
88680.0,1.2037333333333333
88740.0,1.2037
88800.0,1.2036666666666669
88860.0,1.2036333333333336
88920.0,1.2036
88980.0,1.2035666666666667
89040.0,1.2035333333333333
89100.0,1.2035
89160.0,1.2034666666666667
89220.0,1.2034333333333334
89280.0,1.2034
89340.0,1.2033666666666667
89400.0,1.2033333333333334
89460.0,1.2033
89520.0,1.2032666666666667
89580.0,1.2032333333333334
89640.0,1.2032
89700.0,1.2031666666666667
89760.0,1.2031333333333334
89820.0,1.2031
89880.0,1.2030666666666667
89940.0,1.2030333333333334
90000.0,1.203
90060.0,1.203
90120.0,1.203
90180.0,1.203
90240.0,1.203
90300.0,1.203
90360.0,1.203
90420.0,1.203
90480.0,1.203
90540.0,1.203
90600.0,1.203
90660.0,1.203
90720.0,1.203
90780.0,1.203
90840.0,1.203
90900.0,1.203
90960.0,1.203
91020.0,1.203
91080.0,1.203
91140.0,1.203
91200.0,1.203
91260.0,1.203
91320.0,1.203
91380.0,1.203
91440.0,1.203
91500.0,1.203
91560.0,1.203
91620.0,1.203
91680.0,1.203
91740.0,1.203
91800.0,1.203
91860.0,1.203
91920.0,1.203
91980.0,1.203
92040.0,1.203
92100.0,1.203
92160.0,1.203
92220.0,1.203
92280.0,1.203
92340.0,1.203
92400.0,1.203
92460.0,1.203
92520.0,1.203
92580.0,1.203
92640.0,1.203
92700.0,1.203
92760.0,1.203
92820.0,1.203
92880.0,1.203
92940.0,1.203
93000.0,1.203
93060.0,1.203
93120.0,1.203
93180.0,1.203
93240.0,1.203
93300.0,1.203
93360.0,1.203
93420.0,1.203
93480.0,1.203
93540.0,1.203
93600.0,1.203
93660.0,1.203
93720.0,1.203
93780.0,1.203
93840.0,1.203
93900.0,1.203
93960.0,1.203
94020.0,1.203
94080.0,1.203
94140.0,1.203
94200.0,1.203
94260.0,1.203
94320.0,1.203
94380.0,1.203
94440.0,1.203
94500.0,1.203
94560.0,1.203
94620.0,1.203
94680.0,1.203
94740.0,1.203
94800.0,1.203
94860.0,1.203
94920.0,1.203
94980.0,1.203
95040.0,1.203
95100.0,1.203
95160.0,1.203
95220.0,1.203
95280.0,1.203
95340.0,1.203
95400.0,1.203
95460.0,1.2029666666666667
95520.0,1.2029333333333334
95580.0,1.2029
95640.0,1.2028666666666668
95700.0,1.2028333333333334
95760.0,1.2028
95820.0,1.2027666666666668
95880.0,1.2027333333333334
95940.0,1.2026999999999999
96000.0,1.2026666666666666
96060.0,1.2026333333333334
96120.0,1.2026000000000001
96180.0,1.2025666666666668
96240.0,1.2025333333333335
96300.0,1.2025000000000001
96360.0,1.2024666666666666
96420.0,1.2024333333333332
96480.0,1.2024
96540.0,1.2023666666666666
96600.0,1.2023333333333335
96660.0,1.2023
96720.0,1.2022666666666666
96780.0,1.2022333333333333
96840.0,1.2022
96900.0,1.2021666666666666
96960.0,1.2021333333333333
97020.0,1.2021
97080.0,1.2020666666666666
97140.0,1.2020333333333333
97200.0,1.202
97260.0,1.202
97320.0,1.202
97380.0,1.202
97440.0,1.202
97500.0,1.202
97560.0,1.202
97620.0,1.202
97680.0,1.202
97740.0,1.202
97800.0,1.202
97860.0,1.202
97920.0,1.202
97980.0,1.202
98040.0,1.202
98100.0,1.202
98160.0,1.202
98220.0,1.202
98280.0,1.202
98340.0,1.202
98400.0,1.202
98460.0,1.202
98520.0,1.202
98580.0,1.202
98640.0,1.202
98700.0,1.202
98760.0,1.202
98820.0,1.202
98880.0,1.202
98940.0,1.202
99000.0,1.202
99060.0,1.202
99120.0,1.202
99180.0,1.202
99240.0,1.202
99300.0,1.202
99360.0,1.202
99420.0,1.202
99480.0,1.202
99540.0,1.202
99600.0,1.202
99660.0,1.202
99720.0,1.202
99780.0,1.202
99840.0,1.202
99900.0,1.202
99960.0,1.202
100020.0,1.202
100080.0,1.202
100140.0,1.202
100200.0,1.202
100260.0,1.202
100320.0,1.202
100380.0,1.202
100440.0,1.202
100500.0,1.202
100560.0,1.202
100620.0,1.202
100680.0,1.202
100740.0,1.202
100800.0,1.202
100860.0,1.202
100920.0,1.202
100980.0,1.202
101040.0,1.202
101100.0,1.202
101160.0,1.202
101220.0,1.202
101280.0,1.202
101340.0,1.202
101400.0,1.202
101460.0,1.202
101520.0,1.202
101580.0,1.202
101640.0,1.202
101700.0,1.202
101760.0,1.202
101820.0,1.202
101880.0,1.202
101940.0,1.202
102000.0,1.202
102060.0,1.202
102120.0,1.202
102180.0,1.202
102240.0,1.202
102300.0,1.202
102360.0,1.202
102420.0,1.202
102480.0,1.202
102540.0,1.202
102600.0,1.202
102660.0,1.202
102720.0,1.202
102780.0,1.202
102840.0,1.202
102900.0,1.202
102960.0,1.202
103020.0,1.202
103080.0,1.202
103140.0,1.202
103200.0,1.202
103260.0,1.202
103320.0,1.202
103380.0,1.202
103440.0,1.202
103500.0,1.202
103560.0,1.202
103620.0,1.202
103680.0,1.202
103740.0,1.202
103800.0,1.202
103860.0,1.202
103920.0,1.202
103980.0,1.202
104040.0,1.202
104100.0,1.202
104160.0,1.202
104220.0,1.202
104280.0,1.202
104340.0,1.202
104400.0,1.202
104460.0,1.2019666666666666
104520.0,1.2019333333333333
104580.0,1.2019
104640.0,1.2018666666666666
104700.0,1.2018333333333333
104760.0,1.2018
104820.0,1.2017666666666666
104880.0,1.2017333333333333
104940.0,1.2017
105000.0,1.2016666666666667
105060.0,1.2016333333333333
105120.0,1.2016
105180.0,1.2015666666666667
105240.0,1.2015333333333333
105300.0,1.2015
105360.0,1.2014666666666667
105420.0,1.2014333333333334
105480.0,1.2014
105540.0,1.2013666666666665
105600.0,1.2013333333333331
105660.0,1.2013
105720.0,1.2012666666666667
105780.0,1.2012333333333334
105840.0,1.2012
105900.0,1.2011666666666667
105960.0,1.2011333333333334
106020.0,1.2010999999999998
106080.0,1.2010666666666665
106140.0,1.2010333333333334
106200.0,1.201
106260.0,1.201
106320.0,1.201
106380.0,1.201
106440.0,1.201
106500.0,1.201
106560.0,1.201
106620.0,1.201
106680.0,1.201
106740.0,1.201
106800.0,1.201
106860.0,1.201
106920.0,1.201
106980.0,1.201
107040.0,1.201
107100.0,1.201
107160.0,1.201
107220.0,1.201
107280.0,1.201
107340.0,1.201
107400.0,1.201
107460.0,1.201
107520.0,1.201
107580.0,1.201
107640.0,1.201
107700.0,1.201
107760.0,1.201
107820.0,1.201
107880.0,1.201
107940.0,1.201
108000.0,1.201
108060.0,1.201
108120.0,1.201
108180.0,1.201
108240.0,1.201
108300.0,1.201
108360.0,1.201
108420.0,1.201
108480.0,1.201
108540.0,1.201
108600.0,1.201
108660.0,1.201
108720.0,1.201
108780.0,1.201
108840.0,1.201
108900.0,1.201
108960.0,1.201
109020.0,1.201
109080.0,1.201
109140.0,1.201
109200.0,1.201
109260.0,1.201
109320.0,1.201
109380.0,1.201
109440.0,1.201
109500.0,1.201
109560.0,1.201
109620.0,1.201
109680.0,1.201
109740.0,1.201
109800.0,1.201
109860.0,1.201
109920.0,1.201
109980.0,1.201
110040.0,1.201
110100.0,1.201
110160.0,1.201
110220.0,1.201
110280.0,1.201
110340.0,1.201
110400.0,1.201
110460.0,1.201
110520.0,1.201
110580.0,1.201
110640.0,1.201
110700.0,1.201
110760.0,1.201
110820.0,1.201
110880.0,1.201
110940.0,1.201
111000.0,1.201
111060.0,1.201
111120.0,1.201
111180.0,1.201
111240.0,1.201
111300.0,1.201
111360.0,1.201
111420.0,1.201
111480.0,1.201
111540.0,1.201
111600.0,1.201
111660.0,1.201
111720.0,1.201
111780.0,1.201
111840.0,1.201
111900.0,1.201
111960.0,1.201
112020.0,1.201
112080.0,1.201
112140.0,1.201
112200.0,1.201
112260.0,1.201
112320.0,1.201
112380.0,1.201
112440.0,1.201
112500.0,1.201
112560.0,1.201
112620.0,1.201
112680.0,1.201
112740.0,1.201
112800.0,1.201
112860.0,1.201
112920.0,1.201
112980.0,1.201
113040.0,1.201
113100.0,1.201
113160.0,1.201
113220.0,1.201
113280.0,1.201
113340.0,1.201
113400.0,1.201
113460.0,1.201
113520.0,1.201
113580.0,1.201
113640.0,1.201
113700.0,1.201
113760.0,1.201
113820.0,1.201
113880.0,1.201
113940.0,1.201
114000.0,1.201
114060.0,1.201
114120.0,1.201
114180.0,1.201
114240.0,1.201
114300.0,1.201
114360.0,1.201
114420.0,1.201
114480.0,1.201
114540.0,1.201
114600.0,1.201
114660.0,1.201
114720.0,1.201
114780.0,1.201
114840.0,1.201
114900.0,1.201
114960.0,1.201
115020.0,1.201
115080.0,1.201
115140.0,1.201
115200.0,1.201
115260.0,1.201
115320.0,1.201
115380.0,1.201
115440.0,1.201
115500.0,1.201
115560.0,1.201
115620.0,1.201
115680.0,1.201
115740.0,1.201
115800.0,1.201
115860.0,1.201
115920.0,1.201
115980.0,1.201
116040.0,1.201
116100.0,1.201
116160.0,1.201
116220.0,1.201
116280.0,1.201
116340.0,1.201
116400.0,1.201
116460.0,1.201
116520.0,1.201
116580.0,1.201
116640.0,1.201
116700.0,1.201
116760.0,1.201
116820.0,1.201
116880.0,1.201
116940.0,1.201
117000.0,1.201
117060.0,1.201
117120.0,1.201
117180.0,1.201
117240.0,1.201
117300.0,1.201
117360.0,1.201
117420.0,1.201
117480.0,1.201
117540.0,1.201
117600.0,1.201
117660.0,1.201
117720.0,1.201
117780.0,1.201
117840.0,1.201
117900.0,1.201
117960.0,1.201
118020.0,1.201
118080.0,1.201
118140.0,1.201
118200.0,1.201
118260.0,1.201
118320.0,1.201
118380.0,1.201
118440.0,1.201
118500.0,1.201
118560.0,1.201
118620.0,1.201
118680.0,1.201
118740.0,1.201
118800.0,1.201
118860.0,1.201
118920.0,1.201
118980.0,1.201
119040.0,1.201
119100.0,1.201
119160.0,1.201
119220.0,1.201
119280.0,1.201
119340.0,1.201
119400.0,1.201
119460.0,1.201
119520.0,1.201
119580.0,1.201
119640.0,1.201
119700.0,1.201
119760.0,1.201
119820.0,1.201
119880.0,1.201
119940.0,1.201
120000.0,1.201
120060.0,1.201
120120.0,1.201
120180.0,1.201
120240.0,1.201
120300.0,1.201
120360.0,1.201
120420.0,1.201
120480.0,1.201
120540.0,1.201
120600.0,1.201
120660.0,1.201
120720.0,1.201
120780.0,1.201
120840.0,1.201
120900.0,1.201
120960.0,1.201
121020.0,1.201
121080.0,1.201
121140.0,1.201
121200.0,1.201
121260.0,1.201
121320.0,1.201
121380.0,1.201
121440.0,1.201
121500.0,1.201
121560.0,1.201
121620.0,1.201
121680.0,1.201
121740.0,1.201
121800.0,1.201
121860.0,1.201
121920.0,1.201
121980.0,1.201
122040.0,1.201
122100.0,1.201
122160.0,1.201
122220.0,1.201
122280.0,1.201
122340.0,1.201
122400.0,1.201
122460.0,1.201
122520.0,1.201
122580.0,1.201
122640.0,1.201
122700.0,1.201
122760.0,1.201
122820.0,1.201
122880.0,1.201
122940.0,1.201
123000.0,1.201
123060.0,1.201
123120.0,1.201
123180.0,1.201
123240.0,1.201
123300.0,1.201
123360.0,1.201
123420.0,1.201
123480.0,1.201
123540.0,1.201
123600.0,1.201
123660.0,1.201
123720.0,1.201
123780.0,1.201
123840.0,1.201
123900.0,1.201
123960.0,1.201
124020.0,1.201
124080.0,1.201
124140.0,1.201
124200.0,1.201
124260.0,1.2009666666666667
124320.0,1.2009333333333334
124380.0,1.2009
124440.0,1.2008666666666665
124500.0,1.2008333333333332
124560.0,1.2007999999999999
124620.0,1.2007666666666665
124680.0,1.2007333333333334
124740.0,1.2007
124800.0,1.2006666666666668
124860.0,1.2006333333333334
124920.0,1.2006
124980.0,1.2005666666666666
125040.0,1.2005333333333332
125100.0,1.2005
125160.0,1.2004666666666668
125220.0,1.2004333333333335
125280.0,1.2004000000000001
125340.0,1.2003666666666666
125400.0,1.2003333333333333
125460.0,1.2003
125520.0,1.2002666666666666
125580.0,1.2002333333333333
125640.0,1.2002000000000002
125700.0,1.2001666666666668
125760.0,1.2001333333333335
125820.0,1.2001
125880.0,1.2000666666666666
125940.0,1.2000333333333333
126000.0,1.2
126060.0,1.2
126120.0,1.2
126180.0,1.2
126240.0,1.2
126300.0,1.2
126360.0,1.2
126420.0,1.2
126480.0,1.2
126540.0,1.2
126600.0,1.2
126660.0,1.2
126720.0,1.2
126780.0,1.2
126840.0,1.2
126900.0,1.2
126960.0,1.2
127020.0,1.2
127080.0,1.2
127140.0,1.2
127200.0,1.2
127260.0,1.2
127320.0,1.2
127380.0,1.2
127440.0,1.2
127500.0,1.2
127560.0,1.2
127620.0,1.2
127680.0,1.2
127740.0,1.2
127800.0,1.2
127860.0,1.2
127920.0,1.2
127980.0,1.2
128040.0,1.2
128100.0,1.2
128160.0,1.2
128220.0,1.2
128280.0,1.2
128340.0,1.2
128400.0,1.2
128460.0,1.2
128520.0,1.2
128580.0,1.2
128640.0,1.2
128700.0,1.2
128760.0,1.2
128820.0,1.2
128880.0,1.2
128940.0,1.2
129000.0,1.2
129060.0,1.2
129120.0,1.2
129180.0,1.2
129240.0,1.2
129300.0,1.2
129360.0,1.2
129420.0,1.2
129480.0,1.2
129540.0,1.2
129600.0,1.2
129660.0,1.2
129720.0,1.2
129780.0,1.2
129840.0,1.2
129900.0,1.2
129960.0,1.2
130020.0,1.2
130080.0,1.2
130140.0,1.2
130200.0,1.2
130260.0,1.2
130320.0,1.2
130380.0,1.2
130440.0,1.2
130500.0,1.2
130560.0,1.2
130620.0,1.2
130680.0,1.2
130740.0,1.2
130800.0,1.2
130860.0,1.2
130920.0,1.2
130980.0,1.2
131040.0,1.2
131100.0,1.2
131160.0,1.2
131220.0,1.2
131280.0,1.2
131340.0,1.2
131400.0,1.2
131460.0,1.2
131520.0,1.2
131580.0,1.2
131640.0,1.2
131700.0,1.2
131760.0,1.2
131820.0,1.2
131880.0,1.2
131940.0,1.2
132000.0,1.2
132060.0,1.2
132120.0,1.2
132180.0,1.2
132240.0,1.2
132300.0,1.2
132360.0,1.2
132420.0,1.2
132480.0,1.2
132540.0,1.2
132600.0,1.2
132660.0,1.2
132720.0,1.2
132780.0,1.2
132840.0,1.2
132900.0,1.2
132960.0,1.2
133020.0,1.2
133080.0,1.2
133140.0,1.2
133200.0,1.2
133260.0,1.2
133320.0,1.2
133380.0,1.2
133440.0,1.2
133500.0,1.2
133560.0,1.2
133620.0,1.2
133680.0,1.2
133740.0,1.2
133800.0,1.2
133860.0,1.2
133920.0,1.2
133980.0,1.2
134040.0,1.2
134100.0,1.2
134160.0,1.2
134220.0,1.2
134280.0,1.2
134340.0,1.2
134400.0,1.2
134460.0,1.2
134520.0,1.2
134580.0,1.2
134640.0,1.2
134700.0,1.2
134760.0,1.2
134820.0,1.2
134880.0,1.2
134940.0,1.2
135000.0,1.2
135060.0,1.2
135120.0,1.2
135180.0,1.2
135240.0,1.2
135300.0,1.2
135360.0,1.2
135420.0,1.2
135480.0,1.2
135540.0,1.2
135600.0,1.2
135660.0,1.2
135720.0,1.2
135780.0,1.2
135840.0,1.2
135900.0,1.2
135960.0,1.2
136020.0,1.2
136080.0,1.2
136140.0,1.2
136200.0,1.2
136260.0,1.2
136320.0,1.2
136380.0,1.2
136440.0,1.2
136500.0,1.2
136560.0,1.2
136620.0,1.2
136680.0,1.2
136740.0,1.2
136800.0,1.2
136860.0,1.2
136920.0,1.2
136980.0,1.2
137040.0,1.2
137100.0,1.2
137160.0,1.2
137220.0,1.2
137280.0,1.2
137340.0,1.2
137400.0,1.2
137460.0,1.2
137520.0,1.2
137580.0,1.2
137640.0,1.2
137700.0,1.2
137760.0,1.2
137820.0,1.2
137880.0,1.2
137940.0,1.2
138000.0,1.2
138060.0,1.2
138120.0,1.2
138180.0,1.2
138240.0,1.2
138300.0,1.2
138360.0,1.2
138420.0,1.2
138480.0,1.2
138540.0,1.2
138600.0,1.2
138660.0,1.2
138720.0,1.2
138780.0,1.2
138840.0,1.2
138900.0,1.2
138960.0,1.2
139020.0,1.2
139080.0,1.2
139140.0,1.2
139200.0,1.2
139260.0,1.2
139320.0,1.2
139380.0,1.2
139440.0,1.2
139500.0,1.2
139560.0,1.2
139620.0,1.2
139680.0,1.2
139740.0,1.2
139800.0,1.2
139860.0,1.2
139920.0,1.2
139980.0,1.2
140040.0,1.2
140100.0,1.2
140160.0,1.2
140220.0,1.2
140280.0,1.2
140340.0,1.2
140400.0,1.2
140460.0,1.2
140520.0,1.2
140580.0,1.2
140640.0,1.2
140700.0,1.2
140760.0,1.2
140820.0,1.2
140880.0,1.2
140940.0,1.2
141000.0,1.2
141060.0,1.2
141120.0,1.2
141180.0,1.2
141240.0,1.2
141300.0,1.2
141360.0,1.2
141420.0,1.2
141480.0,1.2
141540.0,1.2
141600.0,1.2
141660.0,1.2
141720.0,1.2
141780.0,1.2
141840.0,1.2
141900.0,1.2
141960.0,1.2
142020.0,1.2
142080.0,1.2
142140.0,1.2
142200.0,1.2
142260.0,1.2
142320.0,1.2
142380.0,1.2
142440.0,1.2
142500.0,1.2
142560.0,1.2
142620.0,1.2
142680.0,1.2
142740.0,1.2
142800.0,1.2
142860.0,1.2
142920.0,1.2
142980.0,1.2
143040.0,1.2
143100.0,1.2
143160.0,1.2
143220.0,1.2
143280.0,1.2
143340.0,1.2
143400.0,1.2
143460.0,1.2
143520.0,1.2
143580.0,1.2
143640.0,1.2
143700.0,1.2
143760.0,1.2
143820.0,1.2
143880.0,1.2
143940.0,1.2
144000.0,1.2
144060.0,1.2
144120.0,1.2
144180.0,1.2
144240.0,1.2
144300.0,1.2
144360.0,1.2
144420.0,1.2
144480.0,1.2
144540.0,1.2
144600.0,1.2
144660.0,1.2
144720.0,1.2
144780.0,1.2
144840.0,1.2
144900.0,1.2
144960.0,1.2
145020.0,1.2
145080.0,1.2
145140.0,1.2
145200.0,1.2
145260.0,1.2
145320.0,1.2
145380.0,1.2
145440.0,1.2
145500.0,1.2
145560.0,1.2
145620.0,1.2
145680.0,1.2
145740.0,1.2
145800.0,1.2
145860.0,1.2
145920.0,1.2
145980.0,1.2
146040.0,1.2
146100.0,1.2
146160.0,1.2
146220.0,1.2
146280.0,1.2
146340.0,1.2
146400.0,1.2
146460.0,1.2
146520.0,1.2
146580.0,1.2
146640.0,1.2
146700.0,1.2
146760.0,1.2
146820.0,1.2
146880.0,1.2
146940.0,1.2
147000.0,1.2
147060.0,1.2
147120.0,1.2
147180.0,1.2
147240.0,1.2
147300.0,1.2
147360.0,1.2
147420.0,1.2
147480.0,1.2
147540.0,1.2
147600.0,1.2
147660.0,1.2
147720.0,1.2
147780.0,1.2
147840.0,1.2
147900.0,1.2
147960.0,1.2
148020.0,1.2
148080.0,1.2
148140.0,1.2
148200.0,1.2
148260.0,1.2
148320.0,1.2
148380.0,1.2
148440.0,1.2
148500.0,1.2
148560.0,1.2
148620.0,1.2
148680.0,1.2
148740.0,1.2
148800.0,1.2
148860.0,1.2
148920.0,1.2
148980.0,1.2
149040.0,1.2
149100.0,1.2
149160.0,1.2
149220.0,1.2
149280.0,1.2
149340.0,1.2
149400.0,1.2
149460.0,1.2
149520.0,1.2
149580.0,1.2
149640.0,1.2
149700.0,1.2
149760.0,1.2
149820.0,1.2
149880.0,1.2
149940.0,1.2
150000.0,1.2
150060.0,1.2
150120.0,1.2
150180.0,1.2
150240.0,1.2
150300.0,1.2
150360.0,1.2
150420.0,1.2
150480.0,1.2
150540.0,1.2
150600.0,1.2
150660.0,1.2
150720.0,1.2
150780.0,1.2
150840.0,1.2
150900.0,1.2
150960.0,1.2
151020.0,1.2
151080.0,1.2
151140.0,1.2
151200.0,1.2
151260.0,1.2
151320.0,1.2
151380.0,1.2
151440.0,1.2
151500.0,1.2
151560.0,1.2
151620.0,1.2
151680.0,1.2
151740.0,1.2
151800.0,1.2
151860.0,1.2
151920.0,1.2
151980.0,1.2
152040.0,1.2
152100.0,1.2
152160.0,1.2
152220.0,1.2
152280.0,1.2
152340.0,1.2
152400.0,1.2
152460.0,1.2
152520.0,1.2
152580.0,1.2
152640.0,1.2
152700.0,1.2
152760.0,1.2
152820.0,1.2
152880.0,1.2
152940.0,1.2
153000.0,1.2
153060.0,1.2
153120.0,1.2
153180.0,1.2
153240.0,1.2
153300.0,1.2
153360.0,1.2
153420.0,1.2
153480.0,1.2
153540.0,1.2
153600.0,1.2
153660.0,1.2
153720.0,1.2
153780.0,1.2
153840.0,1.2
153900.0,1.2
153960.0,1.2
154020.0,1.2
154080.0,1.2
154140.0,1.2
154200.0,1.2
154260.0,1.2
154320.0,1.2
154380.0,1.2
154440.0,1.2
154500.0,1.2
154560.0,1.2
154620.0,1.2
154680.0,1.2
154740.0,1.2
154800.0,1.2
154860.0,1.2
154920.0,1.2
154980.0,1.2
155040.0,1.2
155100.0,1.2
155160.0,1.2
155220.0,1.2
155280.0,1.2
155340.0,1.2
155400.0,1.2
155460.0,1.2
155520.0,1.2
155580.0,1.2
155640.0,1.2
155700.0,1.2
155760.0,1.2
155820.0,1.2
155880.0,1.2
155940.0,1.2
156000.0,1.2
156060.0,1.2
156120.0,1.2
156180.0,1.2
156240.0,1.2
156300.0,1.2
156360.0,1.2
156420.0,1.2
156480.0,1.2
156540.0,1.2
156600.0,1.2
156660.0,1.2
156720.0,1.2
156780.0,1.2
156840.0,1.2
156900.0,1.2
156960.0,1.2
157020.0,1.2
157080.0,1.2
157140.0,1.2
157200.0,1.2
157260.0,1.2
157320.0,1.2
157380.0,1.2
157440.0,1.2
157500.0,1.2
157560.0,1.2
157620.0,1.2
157680.0,1.2
157740.0,1.2
157800.0,1.2
157860.0,1.2
157920.0,1.2
157980.0,1.2
158040.0,1.2
158100.0,1.2
158160.0,1.2
158220.0,1.2
158280.0,1.2
158340.0,1.2
158400.0,1.2
158460.0,1.2
158520.0,1.2
158580.0,1.2
158640.0,1.2
158700.0,1.2
158760.0,1.2
158820.0,1.2
158880.0,1.2
158940.0,1.2
159000.0,1.2
159060.0,1.2
159120.0,1.2
159180.0,1.2
159240.0,1.2
159300.0,1.2
159360.0,1.2
159420.0,1.2
159480.0,1.2
159540.0,1.2
159600.0,1.2
159660.0,1.2
159720.0,1.2
159780.0,1.2
159840.0,1.2
159900.0,1.2
159960.0,1.2
160020.0,1.2
160080.0,1.2
160140.0,1.2
160200.0,1.2
160260.0,1.2
160320.0,1.2
160380.0,1.2
160440.0,1.2
160500.0,1.2
160560.0,1.2
160620.0,1.2
160680.0,1.2
160740.0,1.2
160800.0,1.2
160860.0,1.2
160920.0,1.2
160980.0,1.2
161040.0,1.2
161100.0,1.2
161160.0,1.2
161220.0,1.2
161280.0,1.2
161340.0,1.2
161400.0,1.2
161460.0,1.2
161520.0,1.2
161580.0,1.2
161640.0,1.2
161700.0,1.2
161760.0,1.2
161820.0,1.2
161880.0,1.2
161940.0,1.2
162000.0,1.2
162060.0,1.2
162120.0,1.2
162180.0,1.2
162240.0,1.2
162300.0,1.2
162360.0,1.2
162420.0,1.2
162480.0,1.2
162540.0,1.2
162600.0,1.2
162660.0,1.2
162720.0,1.2
162780.0,1.2
162840.0,1.2
162900.0,1.2
162960.0,1.2
163020.0,1.2
163080.0,1.2
163140.0,1.2
163200.0,1.2
163260.0,1.2
163320.0,1.2
163380.0,1.2
163440.0,1.2
163500.0,1.2
163560.0,1.2
163620.0,1.2
163680.0,1.2
163740.0,1.2
163800.0,1.2
163860.0,1.2
163920.0,1.2
163980.0,1.2
164040.0,1.2
164100.0,1.2
164160.0,1.2
164220.0,1.2
164280.0,1.2
164340.0,1.2
164400.0,1.2
164460.0,1.2
164520.0,1.2
164580.0,1.2
164640.0,1.2
164700.0,1.2
164760.0,1.2
164820.0,1.2
164880.0,1.2
164940.0,1.2
165000.0,1.2
165060.0,1.2
165120.0,1.2
165180.0,1.2
165240.0,1.2
165300.0,1.2
165360.0,1.2
165420.0,1.2
165480.0,1.2
165540.0,1.2
165600.0,1.2
165660.0,1.2
165720.0,1.2
165780.0,1.2
165840.0,1.2
165900.0,1.2
165960.0,1.2
166020.0,1.2
166080.0,1.2
166140.0,1.2
166200.0,1.2
166260.0,1.2
166320.0,1.2
166380.0,1.2
166440.0,1.2
166500.0,1.2
166560.0,1.2
166620.0,1.2
166680.0,1.2
166740.0,1.2
166800.0,1.2
166860.0,1.2
166920.0,1.2
166980.0,1.2
167040.0,1.2
167100.0,1.2
167160.0,1.2
167220.0,1.2
167280.0,1.2
167340.0,1.2
167400.0,1.2
167460.0,1.2
167520.0,1.2
167580.0,1.2
167640.0,1.2
167700.0,1.2
167760.0,1.2
167820.0,1.2
167880.0,1.2
167940.0,1.2
168000.0,1.2
168060.0,1.2
168120.0,1.2
168180.0,1.2
168240.0,1.2
168300.0,1.2
168360.0,1.2
168420.0,1.2
168480.0,1.2
168540.0,1.2
168600.0,1.2
168660.0,1.2
168720.0,1.2
168780.0,1.2
168840.0,1.2
168900.0,1.2
168960.0,1.2
169020.0,1.2
169080.0,1.2
169140.0,1.2
169200.0,1.2
169260.0,1.2
169320.0,1.2
169380.0,1.2
169440.0,1.2
169500.0,1.2
169560.0,1.2
169620.0,1.2
169680.0,1.2
169740.0,1.2
169800.0,1.2
169860.0,1.2
169920.0,1.2
169980.0,1.2
170040.0,1.2
170100.0,1.2
170160.0,1.2
170220.0,1.2
170280.0,1.2
170340.0,1.2
170400.0,1.2
170460.0,1.2
170520.0,1.2
170580.0,1.2
170640.0,1.2
170700.0,1.2
170760.0,1.2
170820.0,1.2
170880.0,1.2
170940.0,1.2
171000.0,1.2
171060.0,1.2
171120.0,1.2
171180.0,1.2
171240.0,1.2
171300.0,1.2
171360.0,1.2
171420.0,1.2
171480.0,1.2
171540.0,1.2
171600.0,1.2
171660.0,1.2
171720.0,1.2
171780.0,1.2
171840.0,1.2
171900.0,1.2
171960.0,1.2
172020.0,1.2
172080.0,1.2
172140.0,1.2
172200.0,1.2
172260.0,1.2
172320.0,1.2
172380.0,1.2
172440.0,1.2
172500.0,1.2
172560.0,1.2
172620.0,1.2
172680.0,1.2
172740.0,1.2
172800.0,1.2
172860.0,1.2
172920.0,1.2
172980.0,1.2
173040.0,1.2
173100.0,1.2
173160.0,1.2
173220.0,1.2
173280.0,1.2
173340.0,1.2
173400.0,1.2
173460.0,1.2
173520.0,1.2
173580.0,1.2
173640.0,1.2
173700.0,1.2
173760.0,1.2
173820.0,1.2
173880.0,1.2
173940.0,1.2
174000.0,1.2
174060.0,1.2
174120.0,1.2
174180.0,1.2
174240.0,1.2
174300.0,1.2
174360.0,1.2
174420.0,1.2
174480.0,1.2
174540.0,1.2
174600.0,1.2
174660.0,1.2
174720.0,1.2
174780.0,1.2
174840.0,1.2
174900.0,1.2
174960.0,1.2
175020.0,1.2
175080.0,1.2
175140.0,1.2
175200.0,1.2
175260.0,1.2
175320.0,1.2
175380.0,1.2
175440.0,1.2
175500.0,1.2
175560.0,1.2
175620.0,1.2
175680.0,1.2
175740.0,1.2
175800.0,1.2
175860.0,1.2
175920.0,1.2
175980.0,1.2
176040.0,1.2
176100.0,1.2
176160.0,1.2
176220.0,1.2
176280.0,1.2
176340.0,1.2
176400.0,1.2
176460.0,1.2
176520.0,1.2
176580.0,1.2
176640.0,1.2
176700.0,1.2
176760.0,1.2
176820.0,1.2
176880.0,1.2
176940.0,1.2
177000.0,1.2
177060.0,1.2
177120.0,1.2
177180.0,1.2
177240.0,1.2
177300.0,1.2
177360.0,1.2
177420.0,1.2
177480.0,1.2
177540.0,1.2
177600.0,1.2
177660.0,1.2
177720.0,1.2
177780.0,1.2
177840.0,1.2
177900.0,1.2
177960.0,1.2
178020.0,1.2
178080.0,1.2
178140.0,1.2
178200.0,1.2
178260.0,1.2
178320.0,1.2
178380.0,1.2
178440.0,1.2
178500.0,1.2
178560.0,1.2
178620.0,1.2
178680.0,1.2
178740.0,1.2
178800.0,1.2
178860.0,1.2
178920.0,1.2
178980.0,1.2
179040.0,1.2
179100.0,1.2
179160.0,1.2
179220.0,1.2
179280.0,1.2
179340.0,1.2
179400.0,1.2
179460.0,1.2
179520.0,1.2
179580.0,1.2
179640.0,1.2
179700.0,1.2
179760.0,1.2
179820.0,1.2
179880.0,1.2
179940.0,1.2
180000.0,1.2
180060.0,1.2
180120.0,1.2
180180.0,1.2
180240.0,1.2
180300.0,1.2
180360.0,1.2
180420.0,1.2
180480.0,1.2
180540.0,1.2
180600.0,1.2
180660.0,1.2
180720.0,1.2
180780.0,1.2
180840.0,1.2
180900.0,1.2
180960.0,1.2
181020.0,1.2
181080.0,1.2
181140.0,1.2
181200.0,1.2
181260.0,1.2
181320.0,1.2
181380.0,1.2
181440.0,1.2
181500.0,1.2
181560.0,1.2
181620.0,1.2
181680.0,1.2
181740.0,1.2
181800.0,1.2
181860.0,1.2
181920.0,1.2
181980.0,1.2
182040.0,1.2
182100.0,1.2
182160.0,1.2
182220.0,1.2
182280.0,1.2
182340.0,1.2
182400.0,1.2
182460.0,1.2
182520.0,1.2
182580.0,1.2
182640.0,1.2
182700.0,1.2
182760.0,1.2
182820.0,1.2
182880.0,1.2
182940.0,1.2
183000.0,1.2
183060.0,1.2
183120.0,1.2
